{
    "parent": "minecraft:item/handheld",
    "textures": {
      "layer0": "minecraft:item/handcuffs",
      "particle": "minecraft:item/handcuffs"
    },
	"elements": [
		{
			"from": [14, 14, 9],
			"to": [15, 15, 9.5],
			"faces": {
				"north": {"uv": [2, 3, 1, 4], "rotation": 180, "texture": "#missing"},
				"east": {"uv": [2, 1, 3, 2], "rotation": 270, "texture": "#missing"},
				"south": {"uv": [4, 1, 3, 0], "texture": "#missing"},
				"west": {"uv": [0, 3, 1, 4], "rotation": 90, "texture": "#missing"},
				"up": {"uv": [1, 2, 2, 3], "rotation": 180, "texture": "#missing"},
				"down": {"uv": [2, 2, 3, 3], "texture": "#missing"}
			}
		},
		{
			"from": [14, 13, 9],
			"to": [15, 14, 9.5],
			"faces": {
				"north": {"uv": [3, 5, 2, 6], "rotation": 180, "texture": "#missing"},
				"east": {"uv": [0, 5, 1, 6], "rotation": 270, "texture": "#missing"},
				"south": {"uv": [6, 2, 5, 1], "texture": "#missing"},
				"west": {"uv": [1, 5, 2, 6], "rotation": 90, "texture": "#missing"},
				"up": {"uv": [4, 4, 5, 5], "rotation": 180, "texture": "#missing"},
				"down": {"uv": [5, 0, 6, 1], "texture": "#missing"}
			}
		},
		{
			"from": [14, 12, 9],
			"to": [15, 13, 9.5],
			"faces": {
				"north": {"uv": [6, 5, 5, 6], "rotation": 180, "texture": "#missing"},
				"east": {"uv": [3, 5, 4, 6], "rotation": 270, "texture": "#missing"},
				"south": {"uv": [6, 5, 5, 4], "texture": "#missing"},
				"west": {"uv": [4, 5, 5, 6], "rotation": 90, "texture": "#missing"},
				"up": {"uv": [5, 2, 6, 3], "rotation": 180, "texture": "#missing"},
				"down": {"uv": [5, 3, 6, 4], "texture": "#missing"}
			}
		},
		{
			"from": [14, 11, 9],
			"to": [15, 12, 9.5],
			"faces": {
				"north": {"uv": [7, 2, 6, 3], "rotation": 180, "texture": "#missing"},
				"east": {"uv": [6, 0, 7, 1], "rotation": 270, "texture": "#missing"},
				"south": {"uv": [3, 7, 2, 6], "texture": "#missing"},
				"west": {"uv": [6, 1, 7, 2], "rotation": 90, "texture": "#missing"},
				"up": {"uv": [0, 6, 1, 7], "rotation": 180, "texture": "#missing"},
				"down": {"uv": [1, 6, 2, 7], "texture": "#missing"}
			}
		},
		{
			"from": [14, 10, 9],
			"to": [15, 11, 9.5],
			"faces": {
				"north": {"uv": [7, 5, 6, 6], "rotation": 180, "texture": "#missing"},
				"east": {"uv": [6, 3, 7, 4], "rotation": 270, "texture": "#missing"},
				"south": {"uv": [6, 7, 5, 6], "texture": "#missing"},
				"west": {"uv": [6, 4, 7, 5], "rotation": 90, "texture": "#missing"},
				"up": {"uv": [3, 6, 4, 7], "rotation": 180, "texture": "#missing"},
				"down": {"uv": [4, 6, 5, 7], "texture": "#missing"}
			}
		},
		{
			"from": [14, 9, 9],
			"to": [15, 10, 9.5],
			"faces": {
				"north": {"uv": [3, 7, 2, 8], "rotation": 180, "texture": "#missing"},
				"east": {"uv": [0, 7, 1, 8], "rotation": 270, "texture": "#missing"},
				"south": {"uv": [8, 2, 7, 1], "texture": "#missing"},
				"west": {"uv": [1, 7, 2, 8], "rotation": 90, "texture": "#missing"},
				"up": {"uv": [6, 6, 7, 7], "rotation": 180, "texture": "#missing"},
				"down": {"uv": [7, 0, 8, 1], "texture": "#missing"}
			}
		},
		{
			"from": [13, 9, 9],
			"to": [14, 10, 9.5],
			"faces": {
				"north": {"uv": [6, 7, 5, 8], "rotation": 180, "texture": "#missing"},
				"east": {"uv": [3, 7, 4, 8], "rotation": 270, "texture": "#missing"},
				"south": {"uv": [8, 5, 7, 4], "texture": "#missing"},
				"west": {"uv": [4, 7, 5, 8], "rotation": 90, "texture": "#missing"},
				"up": {"uv": [7, 2, 8, 3], "rotation": 180, "texture": "#missing"},
				"down": {"uv": [7, 3, 8, 4], "texture": "#missing"}
			}
		},
		{
			"from": [12, 9, 9],
			"to": [13, 10, 9.5],
			"faces": {
				"north": {"uv": [9, 0, 8, 1], "rotation": 180, "texture": "#missing"},
				"east": {"uv": [6, 7, 7, 8], "rotation": 270, "texture": "#missing"},
				"south": {"uv": [1, 9, 0, 8], "texture": "#missing"},
				"west": {"uv": [7, 7, 8, 8], "rotation": 90, "texture": "#missing"},
				"up": {"uv": [7, 5, 8, 6], "rotation": 180, "texture": "#missing"},
				"down": {"uv": [7, 6, 8, 7], "texture": "#missing"}
			}
		},
		{
			"from": [7, 3, 9],
			"to": [8, 4, 9.5],
			"faces": {
				"north": {"uv": [9, 13, 8, 14], "rotation": 180, "texture": "#missing"},
				"east": {"uv": [6, 13, 7, 14], "rotation": 270, "texture": "#missing"},
				"south": {"uv": [14, 8, 13, 7], "texture": "#missing"},
				"west": {"uv": [7, 13, 8, 14], "rotation": 90, "texture": "#missing"},
				"up": {"uv": [13, 5, 14, 6], "rotation": 180, "texture": "#missing"},
				"down": {"uv": [13, 6, 14, 7], "texture": "#missing"}
			}
		},
		{
			"from": [8, 2, 9],
			"to": [9, 3, 9.5],
			"faces": {
				"north": {"uv": [12, 13, 11, 14], "rotation": 180, "texture": "#missing"},
				"east": {"uv": [9, 13, 10, 14], "rotation": 270, "texture": "#missing"},
				"south": {"uv": [14, 11, 13, 10], "texture": "#missing"},
				"west": {"uv": [10, 13, 11, 14], "rotation": 90, "texture": "#missing"},
				"up": {"uv": [13, 8, 14, 9], "rotation": 180, "texture": "#missing"},
				"down": {"uv": [13, 9, 14, 10], "texture": "#missing"}
			}
		},
		{
			"from": [8, 4, 9],
			"to": [9, 5, 9.5],
			"faces": {
				"north": {"uv": [15, 0, 14, 1], "rotation": 180, "texture": "#missing"},
				"east": {"uv": [12, 13, 13, 14], "rotation": 270, "texture": "#missing"},
				"south": {"uv": [1, 15, 0, 14], "texture": "#missing"},
				"west": {"uv": [13, 13, 14, 14], "rotation": 90, "texture": "#missing"},
				"up": {"uv": [13, 11, 14, 12], "rotation": 180, "texture": "#missing"},
				"down": {"uv": [13, 12, 14, 13], "texture": "#missing"}
			}
		},
		{
			"from": [9, 3, 9],
			"to": [10, 4, 9.5],
			"faces": {
				"north": {"uv": [15, 3, 14, 4], "rotation": 180, "texture": "#missing"},
				"east": {"uv": [14, 1, 15, 2], "rotation": 270, "texture": "#missing"},
				"south": {"uv": [4, 15, 3, 14], "texture": "#missing"},
				"west": {"uv": [14, 2, 15, 3], "rotation": 90, "texture": "#missing"},
				"up": {"uv": [1, 14, 2, 15], "rotation": 180, "texture": "#missing"},
				"down": {"uv": [2, 14, 3, 15], "texture": "#missing"}
			}
		},
		{
			"from": [10, 4, 9],
			"to": [11, 5, 9.5],
			"faces": {
				"north": {"uv": [15, 6, 14, 7], "rotation": 180, "texture": "#missing"},
				"east": {"uv": [14, 4, 15, 5], "rotation": 270, "texture": "#missing"},
				"south": {"uv": [7, 15, 6, 14], "texture": "#missing"},
				"west": {"uv": [14, 5, 15, 6], "rotation": 90, "texture": "#missing"},
				"up": {"uv": [4, 14, 5, 15], "rotation": 180, "texture": "#missing"},
				"down": {"uv": [5, 14, 6, 15], "texture": "#missing"}
			}
		},
		{
			"from": [11, 3, 9],
			"to": [12, 4, 9.5],
			"faces": {
				"north": {"uv": [15, 9, 14, 10], "rotation": 180, "texture": "#missing"},
				"east": {"uv": [14, 7, 15, 8], "rotation": 270, "texture": "#missing"},
				"south": {"uv": [10, 15, 9, 14], "texture": "#missing"},
				"west": {"uv": [14, 8, 15, 9], "rotation": 90, "texture": "#missing"},
				"up": {"uv": [7, 14, 8, 15], "rotation": 180, "texture": "#missing"},
				"down": {"uv": [8, 14, 9, 15], "texture": "#missing"}
			}
		},
		{
			"from": [11, 5, 9],
			"to": [12, 6, 9.5],
			"faces": {
				"north": {"uv": [15, 12, 14, 13], "rotation": 180, "texture": "#missing"},
				"east": {"uv": [14, 10, 15, 11], "rotation": 270, "texture": "#missing"},
				"south": {"uv": [13, 15, 12, 14], "texture": "#missing"},
				"west": {"uv": [14, 11, 15, 12], "rotation": 90, "texture": "#missing"},
				"up": {"uv": [10, 14, 11, 15], "rotation": 180, "texture": "#missing"},
				"down": {"uv": [11, 14, 12, 15], "texture": "#missing"}
			}
		},
		{
			"from": [12, 4, 9],
			"to": [13, 5, 9.5],
			"faces": {
				"north": {"uv": [2, 15, 1, 16], "rotation": 180, "texture": "#missing"},
				"east": {"uv": [14, 13, 15, 14], "rotation": 270, "texture": "#missing"},
				"south": {"uv": [16, 1, 15, 0], "texture": "#missing"},
				"west": {"uv": [0, 15, 1, 16], "rotation": 90, "texture": "#missing"},
				"up": {"uv": [13, 14, 14, 15], "rotation": 180, "texture": "#missing"},
				"down": {"uv": [14, 14, 15, 15], "texture": "#missing"}
			}
		},
		{
			"from": [12, 6, 9],
			"to": [13, 7, 9.5],
			"faces": {
				"north": {"uv": [5, 15, 4, 16], "rotation": 180, "texture": "#missing"},
				"east": {"uv": [2, 15, 3, 16], "rotation": 270, "texture": "#missing"},
				"south": {"uv": [16, 4, 15, 3], "texture": "#missing"},
				"west": {"uv": [3, 15, 4, 16], "rotation": 90, "texture": "#missing"},
				"up": {"uv": [15, 1, 16, 2], "rotation": 180, "texture": "#missing"},
				"down": {"uv": [15, 2, 16, 3], "texture": "#missing"}
			}
		},
		{
			"from": [13, 7, 9],
			"to": [14, 8, 9.5],
			"faces": {
				"north": {"uv": [8, 15, 7, 16], "rotation": 180, "texture": "#missing"},
				"east": {"uv": [5, 15, 6, 16], "rotation": 270, "texture": "#missing"},
				"south": {"uv": [16, 7, 15, 6], "texture": "#missing"},
				"west": {"uv": [6, 15, 7, 16], "rotation": 90, "texture": "#missing"},
				"up": {"uv": [15, 4, 16, 5], "rotation": 180, "texture": "#missing"},
				"down": {"uv": [15, 5, 16, 6], "texture": "#missing"}
			}
		},
		{
			"from": [12, 8, 9],
			"to": [13, 9, 9.5],
			"faces": {
				"north": {"uv": [11, 15, 10, 16], "rotation": 180, "texture": "#missing"},
				"east": {"uv": [8, 15, 9, 16], "rotation": 270, "texture": "#missing"},
				"south": {"uv": [16, 10, 15, 9], "texture": "#missing"},
				"west": {"uv": [9, 15, 10, 16], "rotation": 90, "texture": "#missing"},
				"up": {"uv": [15, 7, 16, 8], "rotation": 180, "texture": "#missing"},
				"down": {"uv": [15, 8, 16, 9], "texture": "#missing"}
			}
		},
		{
			"from": [11, 7, 9],
			"to": [12, 8, 9.5],
			"faces": {
				"north": {"uv": [14, 15, 13, 16], "rotation": 180, "texture": "#missing"},
				"east": {"uv": [11, 15, 12, 16], "rotation": 270, "texture": "#missing"},
				"south": {"uv": [16, 13, 15, 12], "texture": "#missing"},
				"west": {"uv": [12, 15, 13, 16], "rotation": 90, "texture": "#missing"},
				"up": {"uv": [15, 10, 16, 11], "rotation": 180, "texture": "#missing"},
				"down": {"uv": [15, 11, 16, 12], "texture": "#missing"}
			}
		},
		{
			"from": [11, 9, 9],
			"to": [12, 10, 9.5],
			"faces": {
				"north": {"uv": [9, 3, 8, 4], "rotation": 180, "texture": "#missing"},
				"east": {"uv": [8, 1, 9, 2], "rotation": 270, "texture": "#missing"},
				"south": {"uv": [4, 9, 3, 8], "texture": "#missing"},
				"west": {"uv": [8, 2, 9, 3], "rotation": 90, "texture": "#missing"},
				"up": {"uv": [1, 8, 2, 9], "rotation": 180, "texture": "#missing"},
				"down": {"uv": [2, 8, 3, 9], "texture": "#missing"}
			}
		},
		{
			"from": [10, 9, 9],
			"to": [11, 10, 9.5],
			"faces": {
				"north": {"uv": [9, 6, 8, 7], "rotation": 180, "texture": "#missing"},
				"east": {"uv": [8, 4, 9, 5], "rotation": 270, "texture": "#missing"},
				"south": {"uv": [7, 9, 6, 8], "texture": "#missing"},
				"west": {"uv": [8, 5, 9, 6], "rotation": 90, "texture": "#missing"},
				"up": {"uv": [4, 8, 5, 9], "rotation": 180, "texture": "#missing"},
				"down": {"uv": [5, 8, 6, 9], "texture": "#missing"}
			}
		},
		{
			"from": [9, 9, 9],
			"to": [10, 10, 9.5],
			"faces": {
				"north": {"uv": [2, 9, 1, 10], "rotation": 180, "texture": "#missing"},
				"east": {"uv": [8, 7, 9, 8], "rotation": 270, "texture": "#missing"},
				"south": {"uv": [10, 1, 9, 0], "texture": "#missing"},
				"west": {"uv": [0, 9, 1, 10], "rotation": 90, "texture": "#missing"},
				"up": {"uv": [7, 8, 8, 9], "rotation": 180, "texture": "#missing"},
				"down": {"uv": [8, 8, 9, 9], "texture": "#missing"}
			}
		},
		{
			"from": [9, 10, 9],
			"to": [10, 11, 9.5],
			"faces": {
				"north": {"uv": [5, 9, 4, 10], "rotation": 180, "texture": "#missing"},
				"east": {"uv": [2, 9, 3, 10], "rotation": 270, "texture": "#missing"},
				"south": {"uv": [10, 4, 9, 3], "texture": "#missing"},
				"west": {"uv": [3, 9, 4, 10], "rotation": 90, "texture": "#missing"},
				"up": {"uv": [9, 1, 10, 2], "rotation": 180, "texture": "#missing"},
				"down": {"uv": [9, 2, 10, 3], "texture": "#missing"}
			}
		},
		{
			"from": [9, 11, 9],
			"to": [10, 12, 9.5],
			"faces": {
				"north": {"uv": [3, 0, 2, 1], "rotation": 180, "texture": "#missing"},
				"east": {"uv": [0, 1, 1, 2], "rotation": 270, "texture": "#missing"},
				"south": {"uv": [1, 3, 0, 2], "texture": "#missing"},
				"west": {"uv": [1, 1, 2, 2], "rotation": 90, "texture": "#missing"},
				"up": {"uv": [0, 0, 1, 1], "rotation": 180, "texture": "#missing"},
				"down": {"uv": [1, 0, 2, 1], "texture": "#missing"}
			}
		},
		{
			"from": [13, 14, 9],
			"to": [14, 15, 9.5],
			"faces": {
				"north": {"uv": [5, 0, 4, 1], "rotation": 180, "texture": "#missing"},
				"east": {"uv": [2, 3, 3, 4], "rotation": 270, "texture": "#missing"},
				"south": {"uv": [1, 5, 0, 4], "texture": "#missing"},
				"west": {"uv": [3, 3, 4, 4], "rotation": 90, "texture": "#missing"},
				"up": {"uv": [3, 1, 4, 2], "rotation": 180, "texture": "#missing"},
				"down": {"uv": [3, 2, 4, 3], "texture": "#missing"}
			}
		},
		{
			"from": [12, 14, 9],
			"to": [13, 15, 9.5],
			"faces": {
				"north": {"uv": [5, 3, 4, 4], "rotation": 180, "texture": "#missing"},
				"east": {"uv": [4, 1, 5, 2], "rotation": 270, "texture": "#missing"},
				"south": {"uv": [4, 5, 3, 4], "texture": "#missing"},
				"west": {"uv": [4, 2, 5, 3], "rotation": 90, "texture": "#missing"},
				"up": {"uv": [1, 4, 2, 5], "rotation": 180, "texture": "#missing"},
				"down": {"uv": [2, 4, 3, 5], "texture": "#missing"}
			}
		},
		{
			"from": [1, 3, 9],
			"to": [2, 4, 9.5],
			"faces": {
				"north": {"uv": [6, 13, 5, 14], "rotation": 180, "texture": "#missing"},
				"east": {"uv": [3, 13, 4, 14], "rotation": 270, "texture": "#missing"},
				"south": {"uv": [14, 5, 13, 4], "texture": "#missing"},
				"west": {"uv": [4, 13, 5, 14], "rotation": 90, "texture": "#missing"},
				"up": {"uv": [13, 2, 14, 3], "rotation": 180, "texture": "#missing"},
				"down": {"uv": [13, 3, 14, 4], "texture": "#missing"}
			}
		},
		{
			"from": [6, 1, 9],
			"to": [7, 2, 9.5],
			"faces": {
				"north": {"uv": [3, 13, 2, 14], "rotation": 180, "texture": "#missing"},
				"east": {"uv": [0, 13, 1, 14], "rotation": 270, "texture": "#missing"},
				"south": {"uv": [14, 2, 13, 1], "texture": "#missing"},
				"west": {"uv": [1, 13, 2, 14], "rotation": 90, "texture": "#missing"},
				"up": {"uv": [12, 12, 13, 13], "rotation": 180, "texture": "#missing"},
				"down": {"uv": [13, 0, 14, 1], "texture": "#missing"}
			}
		},
		{
			"from": [5, 1, 9],
			"to": [6, 2, 9.5],
			"faces": {
				"north": {"uv": [13, 11, 12, 12], "rotation": 180, "texture": "#missing"},
				"east": {"uv": [12, 9, 13, 10], "rotation": 270, "texture": "#missing"},
				"south": {"uv": [12, 13, 11, 12], "texture": "#missing"},
				"west": {"uv": [12, 10, 13, 11], "rotation": 90, "texture": "#missing"},
				"up": {"uv": [9, 12, 10, 13], "rotation": 180, "texture": "#missing"},
				"down": {"uv": [10, 12, 11, 13], "texture": "#missing"}
			}
		},
		{
			"from": [4, 1, 9],
			"to": [5, 2, 9.5],
			"faces": {
				"north": {"uv": [13, 8, 12, 9], "rotation": 180, "texture": "#missing"},
				"east": {"uv": [12, 6, 13, 7], "rotation": 270, "texture": "#missing"},
				"south": {"uv": [9, 13, 8, 12], "texture": "#missing"},
				"west": {"uv": [12, 7, 13, 8], "rotation": 90, "texture": "#missing"},
				"up": {"uv": [6, 12, 7, 13], "rotation": 180, "texture": "#missing"},
				"down": {"uv": [7, 12, 8, 13], "texture": "#missing"}
			}
		},
		{
			"from": [3, 1, 9],
			"to": [4, 2, 9.5],
			"faces": {
				"north": {"uv": [13, 5, 12, 6], "rotation": 180, "texture": "#missing"},
				"east": {"uv": [12, 3, 13, 4], "rotation": 270, "texture": "#missing"},
				"south": {"uv": [6, 13, 5, 12], "texture": "#missing"},
				"west": {"uv": [12, 4, 13, 5], "rotation": 90, "texture": "#missing"},
				"up": {"uv": [3, 12, 4, 13], "rotation": 180, "texture": "#missing"},
				"down": {"uv": [4, 12, 5, 13], "texture": "#missing"}
			}
		},
		{
			"from": [2, 1, 9],
			"to": [3, 2, 9.5],
			"faces": {
				"north": {"uv": [13, 2, 12, 3], "rotation": 180, "texture": "#missing"},
				"east": {"uv": [12, 0, 13, 1], "rotation": 270, "texture": "#missing"},
				"south": {"uv": [3, 13, 2, 12], "texture": "#missing"},
				"west": {"uv": [12, 1, 13, 2], "rotation": 90, "texture": "#missing"},
				"up": {"uv": [0, 12, 1, 13], "rotation": 180, "texture": "#missing"},
				"down": {"uv": [1, 12, 2, 13], "texture": "#missing"}
			}
		},
		{
			"from": [1, 1, 9],
			"to": [2, 2, 9.5],
			"faces": {
				"north": {"uv": [12, 11, 11, 12], "rotation": 180, "texture": "#missing"},
				"east": {"uv": [9, 11, 10, 12], "rotation": 270, "texture": "#missing"},
				"south": {"uv": [12, 11, 11, 10], "texture": "#missing"},
				"west": {"uv": [10, 11, 11, 12], "rotation": 90, "texture": "#missing"},
				"up": {"uv": [11, 8, 12, 9], "rotation": 180, "texture": "#missing"},
				"down": {"uv": [11, 9, 12, 10], "texture": "#missing"}
			}
		},
		{
			"from": [1, 2, 9],
			"to": [2, 3, 9.5],
			"faces": {
				"north": {"uv": [9, 11, 8, 12], "rotation": 180, "texture": "#missing"},
				"east": {"uv": [6, 11, 7, 12], "rotation": 270, "texture": "#missing"},
				"south": {"uv": [12, 8, 11, 7], "texture": "#missing"},
				"west": {"uv": [7, 11, 8, 12], "rotation": 90, "texture": "#missing"},
				"up": {"uv": [11, 5, 12, 6], "rotation": 180, "texture": "#missing"},
				"down": {"uv": [11, 6, 12, 7], "texture": "#missing"}
			}
		},
		{
			"from": [6, 2, 9],
			"to": [7, 3, 9.5],
			"faces": {
				"north": {"uv": [6, 11, 5, 12], "rotation": 180, "texture": "#missing"},
				"east": {"uv": [3, 11, 4, 12], "rotation": 270, "texture": "#missing"},
				"south": {"uv": [12, 5, 11, 4], "texture": "#missing"},
				"west": {"uv": [4, 11, 5, 12], "rotation": 90, "texture": "#missing"},
				"up": {"uv": [11, 2, 12, 3], "rotation": 180, "texture": "#missing"},
				"down": {"uv": [11, 3, 12, 4], "texture": "#missing"}
			}
		},
		{
			"from": [6, 3, 9],
			"to": [7, 4, 9.5],
			"faces": {
				"north": {"uv": [3, 11, 2, 12], "rotation": 180, "texture": "#missing"},
				"east": {"uv": [0, 11, 1, 12], "rotation": 270, "texture": "#missing"},
				"south": {"uv": [12, 2, 11, 1], "texture": "#missing"},
				"west": {"uv": [1, 11, 2, 12], "rotation": 90, "texture": "#missing"},
				"up": {"uv": [10, 10, 11, 11], "rotation": 180, "texture": "#missing"},
				"down": {"uv": [11, 0, 12, 1], "texture": "#missing"}
			}
		},
		{
			"from": [6, 4, 9],
			"to": [7, 5, 9.5],
			"faces": {
				"north": {"uv": [11, 9, 10, 10], "rotation": 180, "texture": "#missing"},
				"east": {"uv": [10, 7, 11, 8], "rotation": 270, "texture": "#missing"},
				"south": {"uv": [10, 11, 9, 10], "texture": "#missing"},
				"west": {"uv": [10, 8, 11, 9], "rotation": 90, "texture": "#missing"},
				"up": {"uv": [7, 10, 8, 11], "rotation": 180, "texture": "#missing"},
				"down": {"uv": [8, 10, 9, 11], "texture": "#missing"}
			}
		},
		{
			"from": [6, 6, 9],
			"to": [7, 7, 9.5],
			"faces": {
				"north": {"uv": [11, 6, 10, 7], "rotation": 180, "texture": "#missing"},
				"east": {"uv": [10, 4, 11, 5], "rotation": 270, "texture": "#missing"},
				"south": {"uv": [7, 11, 6, 10], "texture": "#missing"},
				"west": {"uv": [10, 5, 11, 6], "rotation": 90, "texture": "#missing"},
				"up": {"uv": [4, 10, 5, 11], "rotation": 180, "texture": "#missing"},
				"down": {"uv": [5, 10, 6, 11], "texture": "#missing"}
			}
		},
		{
			"from": [6, 5, 9],
			"to": [7, 6, 9.5],
			"faces": {
				"north": {"uv": [11, 3, 10, 4], "rotation": 180, "texture": "#missing"},
				"east": {"uv": [10, 1, 11, 2], "rotation": 270, "texture": "#missing"},
				"south": {"uv": [4, 11, 3, 10], "texture": "#missing"},
				"west": {"uv": [10, 2, 11, 3], "rotation": 90, "texture": "#missing"},
				"up": {"uv": [1, 10, 2, 11], "rotation": 180, "texture": "#missing"},
				"down": {"uv": [2, 10, 3, 11], "texture": "#missing"}
			}
		},
		{
			"from": [5, 6, 9],
			"to": [6, 7, 9.5],
			"faces": {
				"north": {"uv": [11, 0, 10, 1], "rotation": 180, "texture": "#missing"},
				"east": {"uv": [8, 9, 9, 10], "rotation": 270, "texture": "#missing"},
				"south": {"uv": [1, 11, 0, 10], "texture": "#missing"},
				"west": {"uv": [9, 9, 10, 10], "rotation": 90, "texture": "#missing"},
				"up": {"uv": [9, 7, 10, 8], "rotation": 180, "texture": "#missing"},
				"down": {"uv": [9, 8, 10, 9], "texture": "#missing"}
			}
		},
		{
			"from": [4, 6, 9],
			"to": [5, 7, 9.5],
			"faces": {
				"north": {"uv": [8, 9, 7, 10], "rotation": 180, "texture": "#missing"},
				"east": {"uv": [5, 9, 6, 10], "rotation": 270, "texture": "#missing"},
				"south": {"uv": [10, 7, 9, 6], "texture": "#missing"},
				"west": {"uv": [6, 9, 7, 10], "rotation": 90, "texture": "#missing"},
				"up": {"uv": [9, 4, 10, 5], "rotation": 180, "texture": "#missing"},
				"down": {"uv": [9, 5, 10, 6], "texture": "#missing"}
			}
		}
	],
	"display": {
		"thirdperson_righthand": {
			"rotation": [106.5, 23, -180],
			"translation": [1.75, 0.75, -0.25],
			"scale": [0.44, 0.44, 0.44]
		},
		"thirdperson_lefthand": {
			"rotation": [115.05, -51.86, -153.2],
			"translation": [2.25, 0.75, -1.75],
			"scale": [0.44, 0.44, 0.44]
		},
		"firstperson_righthand": {
			"translation": [2, 2.25, 0.25],
			"scale": [0.44, 0.44, 0.44]
		},
		"firstperson_lefthand": {
			"rotation": [0, 180, 0],
			"translation": [2, 3.25, 1.75],
			"scale": [0.44, 0.44, 0.44]
		},
		"ground": {
			"translation": [0.5, 0.5, 0],
			"scale": [0.44, 0.44, 0.44]
		},
		"head": {
			"rotation": [90, 0, 0],
			"translation": [0.25, 7.75, 0]
		},
		"fixed": {
			"translation": [0, 0, -1.5]
		}
	}
}